Workbook

Sheet 📈 Resumen
A1: 📈 RESUMEN MENSUAL · MULTICUENTAS
A2: CUENTA | B2: Semana 1 | C2: Semana 2 | D2: Semana 3 | E2: Semana 4 | F2: TOTAL MES
A3: @giselarojas.clips | B3: ='Semana 1'!F4 -> 669788 | C3: ='Semana 2'!F4 -> 746308.6 | D3: ='Semana 3'!F4 -> 0 | E3: ='Semana 4'!F4 -> 0 | F3: =SUM(B3:E3) -> 1416096.6
A4: @giselarojas.realestate | B4: ='Semana 1'!F5 -> 181118 | C4: ='Semana 2'!F5 -> 129688 | D4: ='Semana 3'!F5 -> 0 | E4: ='Semana 4'!F5 -> 0 | F4: =SUM(B4:E4) -> 310806
A5: @giselarojas.inversiones | B5: ='Semana 1'!F6 -> 401476 | C5: ='Semana 2'!F6 -> 189797 | D5: ='Semana 3'!F6 -> 0 | E5: ='Semana 4'!F6 -> 0 | F5: =SUM(B5:E5) -> 591273
A6: @giselarojas.business | B6: ='Semana 1'!F7 -> 21538 | C6: ='Semana 2'!F7 -> 17941 | D6: ='Semana 3'!F7 -> 0 | E6: ='Semana 4'!F7 -> 0 | F6: =SUM(B6:E6) -> 39479
A7: TOTAL GENERAL | B7: =SUM(B3:B6) -> 1273920 | C7: =SUM(C3:C6) -> 1083734.6 | D7: =SUM(D3:D6) -> 0 | E7: =SUM(E3:E6) -> 0 | F7: =SUM(F3:F6) -> 2357654.6

Sheet Semana 1
A1: 📊 TRACKER DE MULTICUENTAS · Semana 1 (27/03/2026 – 02/04/2026)
A2: CUENTA | B2: TikTok | C2: Instagram | D2: Facebook | E2: YouTube | F2: TOTAL VIEWS
B3: Views | C3: Views | D3: Views | E3: Views
A4: @giselarojas.clips | B4: 94000 | C4: 78626 | D4: 495462 | E4: 1700 | F4: =SUM(B4:E4) -> 669788
A5: @giselarojas.realestate | B5: 45000 | C5: 112720 | D5: 14000 | E5: 9398 | F5: =SUM(B5:E5) -> 181118
A6: @giselarojas.inversiones | B6: 2876 | C6: 77700 | D6: 308700 | E6: 12200 | F6: =SUM(B6:E6) -> 401476
A7: @giselarojas.business | B7: 5444 | C7: 6654 | D7: 4640 | E7: 4800 | F7: =SUM(B7:E7) -> 21538
A8: TOTAL SEMANA | B8: =SUM(B4:B7) -> 147320 | C8: =SUM(C4:C7) -> 275700 | D8: =SUM(D4:D7) -> 822802 | E8: =SUM(E4:E7) -> 28098 | F8: =SUM(F4:F7) -> 1273920
A10: 🏆 BONO SEMANAL
A11: FECHA DEL BONO | B11: CUENTA GANADORA | C11: MONTO / DESCRIPCIÓN | D11: LINK DE LA PIEZA GANADORA
A12: 46140 | B12: @giselarojas.inversiones | C12: $50 | D12: LINK DE VIDEO

Sheet Semana 2
A1: 📊 TRACKER DE MULTICUENTAS · Semana 2 (03/04/2026 – 09/04/2026)
A2: CUENTA | B2: TikTok | C2: Instagram | D2: Facebook | E2: YouTube | F2: TOTAL VIEWS
B3: Views | C3: Views | D3: Views | E3: Views
A4: @giselarojas.clips | B4: 107000 | C4: 42478 | D4: 596829 | E4: 1.6 | F4: =SUM(B4:E4) -> 746308.6
A5: @giselarojas.realestate | B5: 67000 | C5: 43251 | D5: 11822 | E5: 7615 | F5: =SUM(B5:E5) -> 129688
A6: @giselarojas.inversiones | B6: 9197 | C6: 53300 | D6: 123000 | E6: 4300 | F6: =SUM(B6:E6) -> 189797
A7: @giselarojas.business | B7: 5456 | C7: 2771 | D7: 6214 | E7: 3500 | F7: =SUM(B7:E7) -> 17941
A8: TOTAL SEMANA | B8: =SUM(B4:B7) -> 188653 | C8: =SUM(C4:C7) -> 141800 | D8: =SUM(D4:D7) -> 737865 | E8: =SUM(E4:E7) -> 15416.6 | F8: =SUM(F4:F7) -> 1083734.6
A10: 🏆 BONO SEMANAL
A11: FECHA DEL BONO | B11: CUENTA GANADORA | C11: MONTO / DESCRIPCIÓN | D11: LINK DE LA PIEZA GANADORA

Sheet Semana 3
A1: 📊 TRACKER DE MULTICUENTAS · Semana 3 (10/04/2026 – 16/04/2026)
A2: CUENTA | B2: TikTok | C2: Instagram | D2: Facebook | E2: YouTube | F2: TOTAL VIEWS
B3: Views | C3: Views | D3: Views | E3: Views
A4: @giselarojas.clips | B4: 0 | C4: 0 | D4: 0 | E4: 0 | F4: =SUM(B4:E4) -> 0
A5: @giselarojas.realestate | B5: 0 | C5: 0 | D5: 0 | E5: 0 | F5: =SUM(B5:E5) -> 0
A6: @giselarojas.inversiones | B6: 0 | C6: 0 | D6: 0 | E6: 0 | F6: =SUM(B6:E6) -> 0
A7: @giselarojas.business | B7: 0 | C7: 0 | D7: 0 | E7: 0 | F7: =SUM(B7:E7) -> 0
A8: TOTAL SEMANA | B8: =SUM(B4:B7) -> 0 | C8: =SUM(C4:C7) -> 0 | D8: =SUM(D4:D7) -> 0 | E8: =SUM(E4:E7) -> 0 | F8: =SUM(F4:F7) -> 0
A10: 🏆 BONO SEMANAL
A11: FECHA DEL BONO | B11: CUENTA GANADORA | C11: MONTO / DESCRIPCIÓN | D11: LINK DE LA PIEZA GANADORA

Sheet Semana 4
A1: 📊 TRACKER DE MULTICUENTAS · Semana 4 (17/04/2026 – 23/04/2026)
A2: CUENTA | B2: TikTok | C2: Instagram | D2: Facebook | E2: YouTube | F2: TOTAL VIEWS
B3: Views | C3: Views | D3: Views | E3: Views
A4: @giselarojas.clips | B4: 0 | C4: 0 | D4: 0 | E4: 0 | F4: =SUM(B4:E4) -> 0
A5: @giselarojas.realestate | B5: 0 | C5: 0 | D5: 0 | E5: 0 | F5: =SUM(B5:E5) -> 0
A6: @giselarojas.inversiones | B6: 0 | C6: 0 | D6: 0 | E6: 0 | F6: =SUM(B6:E6) -> 0
A7: @giselarojas.business | B7: 0 | C7: 0 | D7: 0 | E7: 0 | F7: =SUM(B7:E7) -> 0
A8: TOTAL SEMANA | B8: =SUM(B4:B7) -> 0 | C8: =SUM(C4:C7) -> 0 | D8: =SUM(D4:D7) -> 0 | E8: =SUM(E4:E7) -> 0 | F8: =SUM(F4:F7) -> 0
A10: 🏆 BONO SEMANAL
A11: FECHA DEL BONO | B11: CUENTA GANADORA | C11: MONTO / DESCRIPCIÓN | D11: LINK DE LA PIEZA GANADORA
